{
  "STRL": {
    "activated_date": "2025-09-23T16:26:59.634366",
    "activation_price": 370.0,
    "highest_price": 370.0,
    "current_stop_price": 340.40000000000003,
    "active": true
  }
}